FSA,age,income,education,lib_like,cpc_like,ndp_like,grn_like,bq_like,ppc_like,latitude,longitude
A0A,64.5,4,6,43.5,67,45,24,31,22,47.2195,-53.1448
A0B,65.5,1.5,7,81,41,46,41,27,47,47.327,-53.6609
A0C,49,1,2,98,99,46,47,62,48,48.3843,-53.9081
A0G,51.5,5,9.5,60.5,40.5,35.5,25,19,29,48.8657,-54.7296
A0K,60,3,7,0,1,93,77,1,78,52.7359,-57.9825
A1A,43,4,9.5,58,2,40,10.5,3,2,47.5986,-52.6926
A1C,40.5,2.2,6.5,50,25.8,49.8,39.2,27.2,23,47.5124,-52.6729
A1E,73,5,9,71,80,96,5,9,3,47.5334,-52.7595
A1G,62,4,10,0,72,48,0,0,1,47.506,-52.7603
A1K,54,1,7,2,31,75,10,1,23,47.6666,-52.7313
A1L,43.5,6,10,58.5,70.5,37.5,10.5,4,11,47.5291,-52.8814
A1N,38,3,8.5,52,17,84,40,13.5,16,47.5194,-52.8122
A1S,26,8,4,10,50,99,43,32,37,47.4212,-52.8077
A1V,60,3,7,0,87,0,75,30,0,48.9682,-54.5906
A1W,44,4.5,7,2,36.5,0.5,7.5,1.5,1.5,47.5096,-52.9447
A1X,66,3,7,70,65,64,50,0,0,47.4999,-52.9981
A2A,40.5,4,6.5,20,70.5,22,20.5,20.5,20.5,48.9332,-55.6649
A2H,21,1,7,22,0,100,47,0,23,48.9156,-57.797
A8A,33.5,3.5,5,39.5,42,47.5,45.5,43,40,49.1667,-57.4316
B0J,75,2,5,49,2,31,48,27,1,44.9419,-62.6471
B0K,33,5,8,100,52,39,31,37,22,45.6138,-62.9506
B0N,60.5,2.5,7.5,82,66,61,58.5,25.5,20,45.0963,-63.4701
B0P,56,2.7,7,23,51,30.7,22.3,1.3,13,45.0328,-64.6566
B0S,59.5,2.8,6.2,26.8,55.5,63.5,23,18.8,30.8,44.6861,-65.3002
B1A,21.5,1.5,7.5,52.5,51.5,38.5,62.5,47.5,69,46.197,-59.957
B1K,52,2,6,6,83,7,10,12,8,45.9668,-60.2318
B1P,62,2.5,5.5,74.5,13,63.5,42.5,2,8,46.1341,-60.1749
B1Y,53.5,4,7,23.5,59.5,21.5,7,7.5,30.5,46.2538,-60.3566
B2A,21,1,8,51,4,87,57,8,2,46.1169,-60.3769
B2C,60,5,9,51,1,76,61,19,0,45.9948,-60.8421
B2H,49,4,7,45,46,45.5,51,36.5,21,45.5834,-62.6486
B2R,66,2,5,0,100,0,0,0,0,44.7599,-63.5525
B2T,59,4.5,9,31.5,50,73,69.5,6,29.5,44.8749,-63.4689
B2V,32,3,7,29,34,33,82,16,35,44.6529,-63.4777
B2W,54.5,4.5,8.5,42.5,7.5,39,26.5,7,0,44.6752,-63.5077
B2X,40,7,7,65,10,50,1,1,1,44.702,-63.533
B3A,58.4,2.2,6.8,35.6,50.6,63,25.4,16,25,44.6819,-63.5768
B3H,52.5,3,7,82.5,84.5,83,84,86.5,89,44.6344,-63.5822
B3J,48,2,9,46,1,56,85,1,1,44.6451,-63.5762
B3K,67,1,6,0,97,0,0,0,1,44.662,-63.6017
B3L,43.5,2.5,8.5,99.5,14.5,45.5,16,13,11,44.6508,-63.6146
B3M,65.5,2.5,6.2,33.2,65.8,41,42.8,29,30.8,44.6784,-63.6582
B3N,68,2,9,48,22,66,21,3,1,44.631,-63.6405
B3R,40,1,4,93,95,52,94,49,97,44.5939,-63.6031
B3T,54,5,9,81,25,75,71,31,17,44.5683,-63.7306
B4C,46.5,1.5,8,14.5,9.5,38.5,33.5,22,23.5,44.7607,-63.637
B4N,56,1,5,0,0,0,0,0,0,45.0834,-64.4988
B4V,50,3.5,7,0.5,60,32.5,17,17.5,30,44.3835,-64.5155
B6L,38,2,7,10.5,25,13,13,7,13.5,45.4093,-63.2114
B9A,30,8,5,28,80,29,32,26,50,45.6168,-61.3485
C0B,23.5,3.5,7,31.5,30.5,40.5,65,20,34.5,46.6023,-63.9583
C1A,32,3,9,98,58,83,51,68,68,46.2716,-63.0165
C1C,69,4,7,3,32,13,14,13,14,46.2645,-63.0842
C1N,69,1.5,5,28,1.5,24.5,26,2,2.5,46.3959,-63.7876
E1A,41,4.8,9,67,20.8,56.8,25,5,2,46.0967,-64.7087
E1B,52.8,2,7.2,42.2,17.8,53.5,37,13.2,6.8,46.0545,-64.816
E1C,58.3,2,6.3,17.3,80.7,34.3,24.3,8,21,46.0987,-64.8036
E1E,46,5,9,5,95,10,5,10,80,46.0771,-64.8529
E1V,75,3,9,54,9,62,70,37,8,47.1942,-65.9381
E2A,54.7,3,6.3,25.7,17.7,59,75.7,12.7,48.3,47.6181,-65.6511
E2E,66.5,3,9,39,27,51.5,42.5,25,11,45.4137,-65.982
E2G,80,1,5,21,3,11,7,5,10,45.4534,-65.931
E2J,49,4,8,43.5,23,36.5,16.5,12,12,45.2563,-65.9432
E2L,52,6,9,85,7,86,84,74,6,45.2717,-66.0584
E2V,47.5,3.5,6,5,49,15,5,10,42,45.8351,-66.4792
E3A,61.5,2.5,6.5,67.5,39,67.5,17.5,2,11,46.0401,-66.3862
E3B,64.5,2,7,50.5,34,50.5,59,7,17,45.8119,-66.6763
E3E,20,1,5,0,76,3,81,1,2,45.8834,-66.9156
E3L,59.8,2.5,5.8,52.2,29.5,71.8,46,43.5,41,45.1804,-67.2953
E3V,55,3,6,83,77,50,68,22,66,47.3737,-68.3251
E4B,57,4,7,72,23,71,55,2,9,46.0848,-66.0622
E4P,56,4,9,1,91,1,17,1,1,46.2198,-64.5411
E4R,23,5,7,71,42,94,65,34,9,46.3324,-64.6187
E4T,22,2,7,7,48,68,64,4,3,46.3042,-64.972
E4V,37,3,9,0,100,0,0,0,0,46.3629,-64.7499
E5T,38,4,9,0,20,0,0,0,90,45.6508,-65.7302
E7A,41,3,6,28,6,65,52,17,33,47.3,-68.7487
E7K,30,2,5,5,20,4,3,20,45,46.3982,-67.7174
E7N,55,3,4,0,100,0,45,34,38,46.0555,-67.5839
E8C,79,1,5,67,65,21,23,11,7,48.055,-66.3847
G0A,53.5,2.5,7.2,49.8,47.5,49,49,49.5,15.8,47.3507,-71.202
G0C,65,2,7,11,11,13,7,64,15,48.3429,-65.5961
G0J,52,1.7,6.3,11,14.7,25,26.7,61.7,30,48.5246,-67.0565
G0L,60,3.4,6,34.6,25.4,40.8,4.6,20,15.8,47.7136,-69.1658
G0M,52,2.5,5.5,32,47.2,36.2,23.8,45,19.2,45.9718,-70.6565
G0R,54,4,6,10,80,0,0,10,0,46.798,-70.3288
G0S,40.5,3.2,8.4,47.1,50.2,37.5,41.6,36.6,20.1,46.4526,-71.4397
G0W,67,4,7,93,26,26,27,1,9,49.834,-72.2623
G0X,47.5,3.5,7,38,38,40,20.5,61,32,47.9168,-74.6159
G1C,56.7,3,6.3,10.3,57.7,8.7,14,36.7,11,46.8801,-71.196
G1E,30,5,9,48,49,45,52,48,48,46.8588,-71.192
G1G,33,4,9,80,42,57,73,84,0,46.8765,-71.2839
G1H,59.5,4,7.5,29.5,0.5,35.5,10,47,0.5,46.8528,-71.2573
G1J,47,3,6,22.5,73,36.5,7.5,45,3,46.838,-71.2232
G1K,55.7,1.3,7,75.3,53.7,79.7,66,90,36.3,46.814,-71.2194
G1L,65,2.5,7.5,42.5,2,36.5,31,62,2,46.8304,-71.2455
G1M,34,2.6,5.4,35.8,34.4,43.6,23.6,28.4,27.2,46.8183,-71.2706
G1R,44.5,4.5,6,5.5,78.5,8.5,1.5,11,34.5,46.8074,-71.2181
G1S,53,2,8,2,38.5,1,12,46,37.5,46.7933,-71.2453
G1V,64,2,7,2,1,20,1,75,0,46.7823,-71.2882
G1X,51.5,5,9.5,38.5,5,56.5,61,95,1,46.7749,-71.3344
G2A,45.5,3,6,50,28,32,34,31,34.5,46.8751,-71.392
G2B,47,3,7,64,48,43,1,33,0,46.8505,-71.3357
G2E,47,4,10,29,44,58,5,40,19,46.8083,-71.3605
G2G,52,5,9,8,33,6,1,80,1,46.7903,-71.4157
G2J,52,2,6,50,1,1,1,1,1,46.8399,-71.2781
G2K,55.3,2.7,8,17,28,22,13.3,47.7,2,46.8545,-71.3044
G2L,58.4,3.6,6.6,61.2,51.6,25.4,15.2,39,9.4,46.8895,-71.2545
G3A,64,3,7,1,19,9,6,75,2,46.7406,-71.4513
G3G,33,7,9,2,58,8,9,9,10,46.9242,-71.3958
G3K,70,4,10,52,22,52,49,86,1,46.8315,-71.4429
G3M,45.5,3,7,52.5,70,41.5,19,62,29.5,46.6804,-71.7239
G4R,48,4,7.5,34.5,55.5,44.5,31.5,62,9.5,50.8558,-67.0511
G4W,66,1,5,63,32,31,52,56,42,48.8286,-67.522
G4Z,46,5,9,0,35,3,1,96,1,51.0872,-68.632
G5C,51,3,5,20,43,29,1,67,19,50.3474,-69.0411
G5H,73,3,7,42,16,60,48,82,17,48.5839,-68.1921
G5J,53,2,7,3,11,17,44,76,6,48.4638,-67.4313
G5L,53.8,2.2,6.6,35.6,14.4,35,18.4,38.8,27,48.416,-68.5979
G5M,41,4,7,26,56,45,18,25,27,48.4966,-68.458
G5R,65,4,6.8,28,18.2,58.5,44.2,85,17.2,47.8304,-69.5342
G5Y,41.5,2,5.2,55.3,37.2,38.5,38.2,41.2,40.2,46.1326,-70.6375
G6B,67,2,7,47,60,21,34,67,27,45.5834,-70.8823
G6E,35,2,7,58,63,53,56,57,70,46.434,-71.0117
G6K,49,3,5,85,79,75,60,80,70,46.688,-71.3028
G6P,54,1,5,52,0,0,0,0,0,46.0529,-71.9477
G6T,42,5.5,9.5,64,7,41.5,29,47,0,46.0828,-71.9728
G6V,65.8,3,7,21.8,61,22.6,26,49.2,32.2,46.8033,-71.1779
G6W,45,2,7,5,82,3,12,8,71,46.7546,-71.22
G6X,71,1,5,94,5,4,8,93,0,46.7151,-71.2612
G6Z,39,4,7,34.5,15.5,43,30.5,30.5,19,46.6901,-71.1849
G7A,69.5,3,8,13,12.5,17,11,65.5,13.5,46.6842,-71.3827
G7B,64,3,7,26,15,25,29,60,14,48.3398,-70.8893
G7G,32,5,8,16,20,27,38,62,21,48.445,-71.1025
G7H,48.7,2.7,7.7,44.2,39.2,66.2,28.2,20,18.8,48.4187,-71.0417
G7J,61,1.5,5.5,70.5,22,15.5,16.5,51.5,11.5,48.4175,-71.1031
G7S,73,3,5,0,0,0,0,10,100,48.4294,-71.1774
G7X,57.2,2.6,6.8,49.4,47.4,55.4,67.6,57.2,27.4,48.3199,-71.4149
G7Z,18,5,6,54,79,95,73,69,5,48.4381,-71.2642
G8C,43,5,7,0,0,0,0,100,0,48.5278,-71.6364
G8G,66,3,9,62,1,89,89,98,2,47.8076,-71.5907
G8K,64,2,7,31,43,60,58,50,43,48.6501,-72.4491
G8L,43.5,3,6,7.5,36.5,6.5,11.5,9,10.5,48.8763,-72.212
G8T,30.7,3.3,5.7,56.7,22.3,50,70.3,48.3,32.7,46.3877,-72.5357
G8W,48,5,6.5,59,27.5,56.5,4.5,46,12.5,46.4176,-72.637200000000007
G8Y,49.7,3.3,8.7,38,50.7,46,10.7,53,10.3,46.3668,-72.6168
G9A,76,2,10,45,2,83,1,72,0,46.3695,-72.6789
G9N,55,1.3,5.7,60,45.3,37.7,34.7,68.7,31.3,46.5564,-72.7198
G9T,67.3,2.3,8,65.3,5,51.7,35.3,73,3,46.6315,-72.737
G9X,56.3,2.3,5.7,57.3,37,64.7,26.7,66.7,32.7,47.4334,-72.7824
H1A,38,2,6,38.7,32,19,14.3,50.7,37.3,45.6753,-73.5016
H1B,38.5,3.5,4.5,35,0.5,26,0.5,62,0.5,45.632,-73.5075
H1E,57,2,9,20,59,51,24,64,4,45.6342,-73.5842
H1G,31,1.5,7,71,12,67,60,33,16,45.6109,-73.6211
H1H,49,4,6.5,55.5,4.5,60.5,38.5,50.5,5.5,45.5899,-73.6389
H1K,19,5,7,4,100,3,8,7,100,45.6097,-73.5472
H1L,56,1,9,80,0,90,50,90,0,45.6043,-73.5178
H1M,50.5,2.8,8.2,20.5,34.3,23.2,17.8,50.8,3.2,45.5883,-73.5572
H1N,40,2,6,48,8,35,21,4,42,45.5779,-73.5304
H1P,44,6,6,3,47,52,61,74,46,45.5966,-73.5928
H1R,41.7,2.3,7.3,12.7,53,43,38.3,51.3,28,45.5864,-73.6082
H1S,43,3,9,38,68,63,22,4,15,45.5808,-73.5825
H1V,23,5,8,23,58,41,67,48,64,45.5585,-73.5386
H1X,56,3,8,22,3,64,51,81,5,45.5583,-73.5701
H1Z,41,3,9,3,90,96,58,15,2,45.5694,-73.6221
H2A,45,4,9,38,16,82,59,74,28,45.5618,-73.599
H2B,57.5,2.5,8,39.5,24.5,30.5,49.5,76.5,28,45.5741,-73.6507
H2G,20,3,9,73,57,45,64,74,3,45.5438,-73.5927
H2H,43,3,7,57,0,60,58,0,0,45.5374,-73.5735
H2J,73,2,9,29,0,45,30,71,0,45.5302,-73.5831
H2K,61.2,2.7,8,65.3,17.8,59.7,37.7,57,6.8,45.5307,-73.5547
H2L,40.8,4,8.4,45.6,28.2,52.4,29,42.4,37.6,45.5186,-73.5545
H2S,55.7,3.7,8.7,50,16.7,53.7,13,34,4.7,45.5354,-73.6061
H2T,30,4,9,73,0,28,33,19,1,45.5247,-73.5953
H2V,54,4.5,9.5,60,25,56,57,21,22.5,45.5168,-73.6072
H2W,19,1,6,0,100,0,0,0,0,45.5176,-73.5804
H2X,29.5,2,7,2,51.5,13.5,7.5,18.5,24,45.5115,-73.5683
H3A,50,3,9,85,10,90,50,0,0,45.504,-73.574700000000007
H3C,34.5,4,9.5,56,51.5,37.5,41,32,42,45.498,-73.5472
H3E,54,3,10,13,80,32,20,72,41,45.4594,-73.5501
H3J,77,1,8,31,2,48,4,48,0,45.4861,-73.5732
H3K,42,6,7,6,16,16,48,99,21,45.4805,-73.5554
H3M,37,1,6,21,7,30,88,98,15,45.5383,-73.6932
H3P,40.5,4.5,8.5,75,47,77,54,54,32,45.5217,-73.6393
H3S,50,3,10,86,16,72,82,45,51,45.5063,-73.6297
H3T,21,3,7,62,4,41,27,86,8,45.5018,-73.6191
H3X,23,6,10,67,56,47,29,8,37,45.4819,-73.6421
H4B,27,4,5,96,73,97,83,84,84,45.4604,-73.6303
H4C,56,3,7.3,55.3,21.3,43.3,26.7,53.3,15.7,45.4737,-73.5882
H4E,49.5,3,7,13.5,54.5,29.5,39,100,0.5,45.4546,-73.5985
H4K,55,3,9,74.5,21.5,46,66,49.5,12.5,45.5171,-73.7363
H4L,56,4,10,54,44,44,45,44,46,45.517,-73.6831
H4M,72,3,10,86,81,78,72,14,25,45.4979,-73.6886
H4N,21.5,2,6.5,64,45.5,56,50.5,53,26.5,45.5263,-73.6649
H4V,21,4,8,70,80,50,50,50,50,45.4671,-73.6487
H7A,38.2,3.8,6.6,32,34,37.6,20,32.6,35.6,45.6739,-73.5924
H7B,66,2,8,30,6,59,19,59,5,45.6757,-73.6388
H7E,69,4,9,91,0,59,10,99,0,45.6225,-73.6949
H7K,40,5,9.3,30.7,21.7,45,41.3,82,9.7,45.6213,-73.7398
H7L,30,5,5,38,30,100,74,77,62,45.6168,-73.7825
H7M,51.5,3,6,43,32,43,20,78,38,45.5984,-73.7159
H7P,24,2,9,26,20,31,93,71,30,45.578,-73.8004
H7R,44,2,5,100,0,0,0,0,0,45.5526,-73.8507
H7V,51.3,2.7,7.3,57.3,44.3,34.3,29,23,25,45.5478,-73.7368
H7W,40,4,6,50,50,50,50,50,50,45.5338,-73.7652
H7X,54,4,10,21,17,46,41,84,2,45.5334,-73.8159
H8N,60.5,3.5,6,45.5,24.5,35.5,37,55.5,22.5,45.438,-73.6215
H8P,65,4,7,77,1,26,26,0,24,45.4011,-73.619
H8R,43,3.5,6.5,21,21.5,47,45.5,68.5,18,45.3994,-73.6506
H8S,49,2.7,6.3,33.7,30.3,39,21,34.3,28.3,45.4402,-73.6747
H8Y,59.7,3,6,41,51.3,45.7,24,22.3,23,45.5084,-73.8075
H9B,48,7,10,48,81,43,59,66,56,45.4897,-73.7958
H9G,69,5,5,62,62,34,1,1,1,45.4756,-73.8367
H9P,32,2,7,2,100,2,1,0,0,45.4679,-73.7748
H9R,21,4,6,29,72,25,21,16,5,45.4487,-73.8167
H9S,23,2,4,81,69,47,39,45,50,45.4414,-73.7749
H9X,72,3,9,56,48,48,15,0,0,45.4062,-73.9456
J0B,60,6,9,68,2,89,70,2,2,45.1001,-72.0491
J0E,57.4,2.1,8.1,43.4,30.9,25.4,22.6,39.3,14.7,45.2831,-72.5244
J0G,39,1.5,5.5,34,26.5,42,59.5,73,17.5,46.021,-72.8239
J0H,68,2.5,5,33,2,33.5,14.5,39.5,2.5,45.6609,-72.77
J0J,51.8,3.8,5,53.2,46.2,50.6,46.4,44,34.8,45.1529,-73.1636
J0K,45.8,2.2,6.4,23.4,19.4,29.7,26.8,64.1,20.8,46.7966,-73.8705
J0L,45.8,5,6.3,50.3,38.8,18,21.8,40.8,22.7,45.1956,-73.5695
J0N,58.3,4.3,7.7,57.7,29.7,55.7,45,77,23.3,45.5135,-74.0534
J0P,52,3,5,1,98,0,4,2,5,45.3655,-74.312
J0R,41.2,2.5,7,43.5,29,63.5,60,69.5,30.8,45.866,-74.1785
J0T,53,3.2,7.5,53.8,29.2,49,44,58.8,26.2,46.3002,-74.5855
J0V,28,6,9,63,15,21,44,40,59,45.8265,-74.9318
J0W,71,3,6.7,40.7,22,48.3,42.3,63.3,17.7,47.0921,-75.7967
J0X,53,3,10,28,10,18,40,78,4,46.307,-76.7653
J0Y,59.5,3,8,64.5,20,54,45.5,78.5,14.5,52.1046,-75.2807
J0Z,70,2,10,63,25,48,28,56,14,47.8626,-78.824
J1A,70,1,7,84,43,76,45,79,39,45.1334,-71.7991
J1E,54.6,1.8,6.6,46.2,26.2,30.4,36,57.4,33,45.4231,-71.8723
J1H,61,2,7,43,32,22,10,4,25,45.3891,-71.8986
J1L,47,3,7,0,0,0,0,0,0,45.4113,-71.9586
J1N,80,2,8,76,68,70,67,73,7,45.3395,-72.0128
J1S,78,2,5,0,58,0,0,79,0,45.5668,-71.9991
J1X,48.5,3.5,5,73,24,65.5,24,76.5,17.5,45.2668,-72.1491
J2A,51,4,8,52,7.5,5.5,2,33,4.5,45.8152,-72.4027
J2B,40,2,7,8,8,20,33,44,4,45.9061,-72.5929
J2C,51.6,2.6,7.2,65.6,11.4,40.8,37.2,24.2,9.2,45.8893,-72.5055
J2H,65,1,7,0,26,66,34,57,37,45.3938,-72.7005
J2K,33,3,7,0,0,0,51,0,82,45.2001,-72.7491
J2L,69,3,10,96,16,62,16,30,0,45.3168,-72.6491
J2N,46,1,5,18,9,7,5,100,7,45.2834,-72.9824
J2T,35,4,7.3,41,28.7,49.7,37.7,42.3,28,45.5971,-72.9366
J2W,49,4,6,35.5,9,6,2,48,13,45.3694,-73.3137
J3A,65,1,1,98,1,1,3,1,3,45.3339,-73.2744
J3B,54,4,7.3,54,4,30.3,26.7,44.3,7,45.2832,-73.2792
J3E,60,3,5,5,45,0,0,50,0,45.5834,-73.3325
J3G,56.2,3,7.8,54.2,36,56.5,24.8,61,7.8,45.5946,-73.2283
J3L,56.7,3.3,6.3,15.7,21,15,16.3,16.3,40.7,45.4501,-73.2825
J3N,61,2,9,98,1,74,58,1,1,45.5334,-73.2825
J3P,65,2,9,47,0,60,70,74,0,46.0365,-73.0665
J3R,35,2,5,0,1,1,27,25,0,46.0206,-73.1439
J3V,28,4,9,61,71,79,18,3,26,45.532,-73.3437
J3Y,52.5,2.5,7.5,39.2,35.5,31.1,20,25.4,19.5,45.4906,-73.3991
J4H,52,2,9,86,1,51,19,70,35,45.5372,-73.5056
J4J,60.5,2.5,6.5,34,41,16,41.5,58,23.5,45.5362,-73.4721
J4K,56.5,3,8.5,40,56,7,33.5,23,30.5,45.5183,-73.5023
J4L,60.7,2.7,6,50,29.7,35.7,15.3,27,8.3,45.5181,-73.4576
J4P,29,5,7,33,3,4,2,65,8,45.5073,-73.5082
J4S,68,2,5,100,100,100,100,100,100,45.481,-73.497
J4T,43,5,9,50,44,49,65,58,21,45.4973,-73.4676
J4V,40.5,1.5,5.5,60,22,63,12.5,61,20,45.4865,-73.4622
J4Z,48.5,3.5,6.5,92.5,1,54,23,1,6,45.4424,-73.4231
J5B,51,2,5,19,17,59,9,11,18,45.3668,-73.5492
J5K,43,2,9,100,0,0,0,0,0,45.7334,-74.1325
J5N,51,3.5,5.5,84.5,41.5,34,88.5,83,39,NA,NA
J5R,64.2,4.2,7.8,50.2,32,48,17,57.2,16.8,45.4168,-73.4992
J5T,51,4,6,44,38.5,65,61,39.5,38,45.8834,-73.2825
J5V,26,2,5,90,71,70,97,81,76,46.2559,-72.9415
J5W,48,3,7,76,76,80,3,36,2,45.8232,-73.4294
J5Y,43,3.4,7.2,19.4,42.2,32.8,48.2,77.4,11.6,45.7774,-73.4252
J5Z,35,4,7,74,2,79,73,67,9,45.7643,-73.5036
J6E,33.7,3,6.3,23.7,16.7,18.3,32.3,57.7,27,46.0168,-73.4492
J6J,23,7,9,71,96,93,95,86,86,45.3691,-73.7216
J6K,74,2,5,65,59,62,78,91,48,45.3526,-73.7305
J6S,57,4,8.5,50.5,0.5,54,59.5,88,25.5,45.2702,-74.0482
J6T,33,3,5,21,50,48,47,42,57,45.2409,-74.1098
J6W,42.3,2.7,4.7,56.3,8,23.7,12.7,43,5,45.7064,-73.6178
J6Z,69,3,7,56,5,28,5,29,0,45.6694,-73.7752
J7A,52,1,4,53,57,48,56,68,53,45.6383,-73.7975
J7C,44.2,2.6,6.6,36.8,36.6,36,26,75.8,26.8,45.689,-73.8671
J7E,50,1,5,86,71,77,57,76,91,45.6442,-73.8448
J7H,47.5,4,5.5,37,41.5,17,30,44,2,45.6209,-73.8728
J7J,56.5,3.5,8.5,80,3,28.5,59.5,73,22.5,45.7045,-73.9472
J7K,54,1,7,1,4,3,3,3,4,45.77,-73.6049
J7L,45,5,4,40,41,2,2,38,1,45.7424,-73.6509
J7P,69.7,4,6.7,39.7,1.3,5.3,15.7,51.7,5.3,45.5779,-73.8809
J7R,46.2,3.5,6,32.2,25.8,57.5,31,69.2,33,45.574,-73.94
J7V,32.5,2,6.5,25,0.5,37.5,11,56,0,45.4001,-74.0325
J7Y,33,1,5,28,25,73.5,42,76,26.5,45.8058,-74.0165
J8A,40,4,6,50,20,70,40,90,0,45.9334,-74.0159
J8E,21.5,5.5,4.5,42.5,53,59,36.5,39.5,41.5,46.1949,-74.6264
J8H,65,3,9,20,80,0,0,10,20,45.6501,-74.3325
J8M,59,3,9,40,1,49,35,70,41,45.5435,-75.4274
J8R,33.5,5.5,8,22,20,36,40,87.5,6.5,45.5287,-75.6088
J8T,63.5,3.2,7.2,46.2,17.8,27.8,33.8,68.8,29.8,45.4776,-75.7059
J8V,48.7,4.7,7.7,43.3,18,43,57.7,43,17,45.5711,-75.7615
J8Y,61,1,9,44,0,69,43,0,0,45.448,-75.7434
J8Z,65,3,9,76,44,76,53,69,31,45.4716,-75.7616
J9A,58,3,10,41,18.5,51,34,82.5,6,45.4279,-75.7711
J9B,44,2,9,0,50,10,13,4,89,45.5001,-75.7827
J9J,57.3,4.3,9.3,89,25.3,49,26,51,25.7,45.4394,-75.8465
K0A,67,4,8,0,0,0,0,0,0,45.2557,-76.2754
K0B,47.7,2.7,8.3,54,25,32,43,24,17.7,45.5029,-74.7479
K0G,55.5,4.5,8,37,60,56.5,28.5,44,46,45.0466,-76.4757
K0H,59.5,2,8,80.5,25,30,2.5,1.5,1,44.7208,-76.8334
K0K,63.8,2.2,6.2,57.5,35.2,28.8,36.5,9.8,30.8,44.3261,-77.4318
K0L,60,4,8,23.7,69.7,43.3,30.7,5.7,13,44.7767,-77.9687
K0M,50.5,1.5,6,24,72.5,15.5,30,5.5,28.5,44.8645,-78.6553
K1A,23,4,7.5,35,42.5,52.5,42.5,2.5,0,45.4207,-75.7023
K1B,25,3,9,63,29,55,62,37,24,45.4284,-75.5875
K1C,83,2,7,16,74,32,32,31,53,45.4677,-75.5399
K1D,39,5,11,89,66,85,71,60,60,NA,NA
K1E,64,6,10,50,20,30,20,0,0,45.4771,-75.5046
K1G,49.8,3,8.5,56.2,21,50.5,25.8,17,22.2,45.3548,-75.5773
K1H,67.5,3.5,8.5,59,12.5,60,62,15.5,0.5,45.3876,-75.6593
K1L,52,3,11,99,67,95,64,68,63,45.44,-75.663
K1N,34,3,7,92,0,91,0,0,0,45.4289,-75.6844
K1R,41,2,9,55,33,71,79,41,3,45.4123,-75.7108
K1T,30,5,9,100,53,64,46,55,3,45.3295,-75.6156
K1V,46.7,3.3,6.7,50.7,41.3,29.3,21.3,21.3,22.7,45.3281,-75.6719
K1Y,51.5,2.5,6.5,51.5,42.5,19.5,39,13,32,45.4023,-75.7329
K1Z,61,3,8,52,41.5,35,39,23,20.5,45.3867,-75.7405
K2A,60,1.5,8,9.5,8,62.5,11,3.5,11,45.3805,-75.7636
K2B,59.5,3,5.5,36.5,83.5,0.5,0.5,24.5,8,45.3645,-75.7934
K2C,45.7,3.7,8.7,37.3,10.3,50.3,60.3,23,6,45.3679,-75.7381
K2E,59,5,9.3,69.3,39.7,38.3,36.7,20,13,45.3438,-75.7157
K2G,65.5,3,7.5,64.2,41.2,32.5,44.5,31.5,18,45.3211,-75.7391
K2H,33.5,4,8.5,62.5,32.5,36,57.5,18,18.5,45.3433,-75.8265
K2J,40,4.7,7.7,26,50.7,10.3,19.3,18.3,31.7,45.2691,-75.7518
K2L,32.5,4.5,8,28.5,22.5,32,40.5,2.5,8.5,45.3001,-75.9244
K2M,51,4,8,65.5,1,88,82,9,19.5,45.2861,-75.8562
K2P,81,3,11,3,80,1,0,8,85,45.4166,-75.6904
K2S,67,5,8,0,100,1,20,2,10,45.2501,-75.9161
K2T,66,3,10,1,50,1,2,1,6,45.317,-75.9367
K4A,42,5,6,73,1,3,0,4,0,45.4697,-75.4715
K6A,41,3,5,55,51,47,50,44,47,45.6001,-74.616
K6H,61,3.3,7.7,33,65.7,52.3,17,5,8.3,45.0565,-74.6852
K6V,24,5,9,0,7,5,5,0,0,44.6573,-75.7146
K7A,65,4,9,84,12,95,71,0,8,44.9001,-76.0161
K7C,50,5,4,82,82,88,97,84,84,45.1334,-76.1494
K7H,59.3,4,7,18,62,20.3,18,7.7,24,44.9001,-76.2494
K7K,41,3,6,50,85,60,61,49,53,44.2569,-76.4717
K7L,74,3,10,90,0,75,75,0,0,44.2955,-76.428
K7N,48,4,7,76,0,74,50,16,21,44.2224,-76.65
K7P,60,4,9.5,50,40,51.5,42.5,14.5,24.5,44.2814,-76.6111
K7R,41,6,9,26,14,51,32,12,15,44.2501,-76.9494
K7V,35,3,9,87,86,88,87,85,92,45.4668,-76.6827
K8A,38.5,2,4.5,5.5,63,48.5,24.5,35.5,46,45.7466,-77.2047
K8H,51,2,7,0,2,0,0,0,0,45.8945,-77.2801
K8N,61.5,2,7.5,2,83,16,25.5,12,38,44.1735,-77.3684
K8P,41,1,5,100,44,67,55,54,55,44.1665,-77.4037
K8V,36,3,6.5,70,79,43.5,54.5,37,41.5,44.0992,-77.5776
K9A,40,3.5,6,1,48.5,28.5,25.5,27,58,43.9598,-78.1651
K9H,63,1,7,0,8,0,33,2,55,44.3245,-78.3184
K9J,56.5,3.2,7,49.5,31,21,29.5,11.5,7.8,44.3104,-78.2396
K9V,28,3,9,85,81,87,82,76,87,44.3501,-78.7329
L0C,61,2,9,76,36,75,73,13,12,44.2094,-79.0725
L0E,38,3,9,87,59,45,20,36,64,44.3199,-79.2778
L0G,49.3,2.7,7,33.3,46,26.7,27,11,5.3,44.0586,-79.6235
L0K,59,2.2,8.2,34.5,23.5,52.2,24.5,8.5,4,44.6233,-79.1235
L0L,32,4,10,98,76,81,72,44,56,44.4548,-79.7352
L0R,52.6,2.6,7,61.6,41.4,61.4,51.2,27.8,30,43.1607,-79.7463
L0S,57,5,10,29.5,37.5,20,12.5,0,0,42.9071,-79.0832
L1A,22,4,9,0,3,51,0,2,1,44.0168,-78.3995
L1C,58,4,9,1,34,1,7,31,93,43.9714,-78.7095
L1E,28,6,10,4,56,18,10,1,75,43.8969,-78.7683
L1G,59,3,6.8,24.5,45.2,38.8,55.5,20,34,43.9233,-78.8684
L1H,66,2,6,40,70,50,0,0,10,43.9721,-78.8837
L1J,46.2,2.4,5.2,53,43.4,71.4,59.4,21.4,32.8,43.8852,-78.8771
L1N,62,6,7,68,1,35,20,3,1,43.8721,-78.9273
L1P,52.5,3.5,5.5,20.5,61,55,50,23.5,40.5,43.8866,-78.975
L1R,46.5,4,8,40,40,58.5,34.5,21.5,25.5,43.9215,-78.9412
L1S,35,4.7,9.3,52.3,67.7,54.7,51.7,33.7,38,43.8404,-79.0251
L1T,36,4.7,7,18.3,34.7,37.3,44,4.7,25,43.8843,-79.0534
L1V,58,4.7,7.3,24.7,55.7,52.3,34.3,10,3,43.8605,-79.1618
L1W,52,2,6,70.5,61,35,35,29.5,30,43.8197,-79.0803
L1Z,52,5,7,32,36.5,29,17,10,7.5,43.8773,-79.0055
L2A,45.5,1.5,8,53,38,71.5,51.5,33,31.5,42.9001,-78.9329
L2E,33,2,7,19,0,100,89,19,0,43.0537,-79.1018
L2G,59,2,9,95,0,5,19,1,14,43.0696,-79.0818
L2H,61,1,5,0,2,46,12,6,9,43.1009,-79.1379
L2J,68,1,2,89,29,11,69,20,20,43.1296,-79.1034
L2M,54.4,2.6,7,43.6,30.6,42,62,20.4,29,43.196,-79.2161
L2P,49.5,2.5,6,2.5,83,38.5,9,13,34.5,43.1527,-79.2091
L2R,41.7,1.3,5.3,38.3,31.3,43.7,28.3,10.7,48,43.1419,-79.2966
L2S,40,5,7,3,2,5,5,2,6,43.1447,-79.2634
L2T,35.5,3.5,8,41.5,4.5,41.5,11.5,21,5.5,43.1313,-79.2317
L2V,66,3,7,55,27,68,53,0,1,43.1142,-79.2035
L3B,28.7,3,6.7,22,37.3,55,26,15.3,47,42.9878,-79.2219
L3C,55,3.3,7.5,40.7,47.2,52.7,37.7,19.8,14,42.9998,-79.2656
L3P,44.5,4.5,7.5,91,63,69.5,69,39.5,41,43.8769,-79.2686
L3R,46,3.5,7.5,53,47.2,55.2,50,48,52,43.8479,-79.3288
L3S,29,5,9,33.5,51.5,43.5,22,9,15,43.8486,-79.2617
L3T,57,3.3,8.5,52.7,59.7,38.7,38.7,22.3,30,43.8227,-79.3946
L3V,47,2,8,89,0,75,45,8,4,44.6087,-79.4207
L3X,39.2,4.4,6.6,49.4,44.8,43.6,36.8,38,31.4,44.0433,-79.4912
L3Y,34.3,3.7,6.7,51.7,46,70,43.3,35,44.3,44.0565,-79.4555
L3Z,37,4.5,8.2,11,63.8,22.8,24,21.5,19,44.1168,-79.5663
L4A,42,3.5,8.5,42.5,83,44.5,76.5,59.5,62,43.9668,-79.2496
L4C,54.5,4.1,8.2,28.9,38.8,35.1,39.5,16,18.5,43.8669,-79.4414
L4E,51.5,4.5,9,30,57.5,15.5,1.5,1.5,25,43.9394,-79.4349
L4G,49,4,7,30.7,48.7,29.3,39.3,16.3,16.3,44.0001,-79.4663
L4H,41,3.5,6.5,33,88.5,52,58.5,45,51.5,43.8432,-79.5644
L4J,53.5,3.2,8.8,44.2,45.8,39.2,36.5,4,8.5,43.8156,-79.4534
L4K,45,5,9,67.5,44.5,57,44,24.5,21,43.8001,-79.4829
L4L,67,4,9,75,50,52,22,20,32,43.8064,-79.5995
L4M,52.7,2.7,5.7,39.7,48.7,60,62.3,15.7,19.7,44.4001,-79.6663
L4N,53.3,2.5,5.8,35,20,48.3,57.7,3.5,17.3,44.3572,-79.6929
L4R,33,4,9,75,63,76,92,93,90,44.7501,-79.883
L4S,37.5,4.5,6,44.5,31,29,25,18,26,43.8985,-79.4143
L4T,45.3,3.3,6.3,27,67.3,38,41.7,20.7,22,43.7139,-79.6434
L4Z,41,3,9,44,37,32,57,34,47,43.6192,-79.6538
L5A,50.8,5.2,8.8,39,53.8,46.5,38.5,26,30.2,43.5883,-79.6091
L5B,41.3,3.7,5.3,54,28.7,55,42.3,13,13.7,43.5771,-79.6306
L5C,58.3,2.3,8.3,45,33.3,25.7,48,12.7,8.3,43.5624,-79.6504
L5E,57.7,4,7.7,82.3,17.7,58,61.7,19.7,16.3,43.5836,-79.561
L5H,67,7,9,61,61,41,35,8,24,43.5419,-79.6164
L5J,55.5,3.5,7.8,16.8,43,23.8,22.2,4,17.8,43.5102,-79.6296
L5L,64,4,9,59.5,4.5,40,34,11.5,21,43.5373,-79.6903
L5M,51.9,4,6.9,37.3,49.4,49,28.4,18.7,21.3,43.5637,-79.7202
L5N,56,3.4,6.6,32.8,76.8,35.6,33,30.6,45.6,43.5924,-79.7611
L5R,22.3,4.7,7.7,24.7,83,16,12.7,8.7,23.7,43.606,-79.6708
L5V,46.5,4,7,25,75,17.5,7.5,7.5,7.5,43.5972,-79.6931
L5W,54,2,9,17,23,64,32,2,100,43.6313,-79.7148
L6A,34,5.2,7.8,31.5,48.5,53,43.8,17.8,30.5,43.8501,-79.5163
L6B,37,4,9.5,78,1,93.5,62.5,1,0.5,43.9007,-79.2175
L6C,42.5,5,9.2,36,49.2,26,13.5,14.5,8.8,43.9045,-79.3392
L6G,45,5,9,18,19,48,48,48,1,43.8485,-79.3346
L6H,53.2,4.2,7.5,17.2,62.2,20.8,36,19.8,9.8,43.4881,-79.7098
L6K,23,3,8,70,47,57,69,24,1,43.4396,-79.6878
L6L,64.5,3.2,7,54.2,22.5,45.2,18.8,12.2,21.5,43.4032,-79.7186
L6M,38.5,2,10.5,76.5,27.5,57,42.5,28,45,43.4464,-79.7593
L6P,31.5,6,9,74.5,32.5,77.5,68,64,26.5,43.7942,-79.7021
L6R,38,3,9,1,98,54,1,0,1,43.7592,-79.7605
L6S,31,1,5,13,2,6,3,6,14,43.7379,-79.726
L6T,48.7,4.3,6.3,72.7,27.7,52,54.3,15.7,10.7,43.7196,-79.6854
L6V,38.8,3.5,7.5,49.8,31,92.8,55.2,15.2,15.5,43.7059,-79.7626
L6X,48.3,3,8.7,55.3,63.7,48.7,52,24.3,36.7,43.6665,-79.8054
L6Y,34,2.5,7.5,25.5,66.5,42,14,28.5,35,43.6249,-79.7876
L6Z,50,4,7.8,56.4,42.2,23.8,30,20,28.2,43.7328,-79.7953
L7C,47.5,3,7.5,66,70,71.5,73,52.5,78,43.8753,-79.8558
L7E,46.7,4,7.7,14.7,62.3,27,29.3,22.3,23.7,43.8795,-79.7379
L7J,30,7,6,1,100,9,0,1,7,43.6297,-80.0415
L7L,40.2,3,6.5,70.8,23.2,65,51.2,31.5,29,43.3799,-79.7668
L7M,42.3,4.7,9,50.7,73.3,17,19.7,9.3,16.3,43.4342,-79.8701
L7N,36,5,8,29,70,19,55,22,16,43.3512,-79.784
L8E,29.3,2.3,4.7,47,49,59.7,85.3,52.7,53.7,43.2245,-79.6988
L8G,53,5,9,65,71,26,10,4,39,43.2164,-79.7423
L8H,53,4,7,35.3,16.7,73.3,39.7,23.3,36,43.2596,-79.7925
L8J,46,4,7.5,49.5,33.5,50,30,8,20.5,43.1836,-79.721
L8L,46.3,2.7,6,19.3,36.7,59,44.3,16.7,8.7,43.2783,-79.8344
L8M,56,1,9,70,57,14,24,15,13,43.2441,-79.8359
L8P,63,2,9,73,11,67,72,17,0,43.2514,-79.8925
L8R,37,2,10,48,5,85,64,22,0,43.2726,-79.8792
L8S,43.7,1.3,7,38.3,38.7,57.7,57.7,34.3,56,43.2606,-79.9161
L8T,24,1,8,0,0,0,0,0,0,43.2199,-79.8286
L8V,56.5,2.5,5.5,28,14.5,65.5,3,0.5,2,43.2266,-79.8499
L9A,40,4,10,72,11,87,90,50,0,43.2271,-79.871
L9C,65.3,3.3,7,78.3,5.7,52.7,24.7,14.3,13.7,43.2313,-79.9049
L9E,63,5,6,100,53,46,49,38,45,43.5168,-79.8829
L9H,50.7,4.7,8,39,46,33,13,7.3,22.7,43.2638,-79.9524
L9L,45,2,9,5,80,46,52,0,51,44.1068,-78.9444
L9M,73,2.5,10,90.5,3,65.5,47.5,5.5,1,44.7834,-79.9164
L9P,43,3,6,24,71,33,35.5,16,33,44.1001,-79.1163
L9R,55,2.5,6,25.5,23.5,48,23,5.5,8.5,44.1501,-79.8663
L9S,28.5,2.5,7.5,46.5,41,68,50.5,49,40,44.3001,-79.6496
L9T,34,3.5,6,12,57.5,50,27.5,36.5,36,43.5148,-79.884
L9V,42,3,7,30,50,60,60,0,40,43.9597,-80.1079
L9W,46.3,3.7,7.7,17.3,67.3,32.7,48.7,41.3,58.3,43.9702,-80.016
L9Z,69,1,7,12,89,50,52,31,45,44.5168,-80.0164
M1B,29.8,4.6,7,59.8,35.6,43.4,44,19.8,37.8,43.8113,-79.193
M1C,23,3,8,15,50,7,45,25,30,43.7878,-79.1564
M1E,37.2,2,6.6,43,30.4,36.2,24.4,26,22.2,43.7678,-79.1866
M1G,35,4,9,67,100,20,37,55,35,43.7712,-79.2144
M1J,29.7,4,7.3,63.3,75.3,63.3,57.3,51.3,55,43.7464,-79.2323
M1K,54.4,1.6,6.8,33.4,36,25,30,22.4,26.2,43.7298,-79.2639
M1L,29,5,9,60,100,56,66,78,85,43.7122,-79.2843
M1M,60,3.3,8.3,44.7,53,47.3,33,18.3,19.3,43.7247,-79.2312
M1N,39.6,3,7,33.8,32.8,51.2,52.2,16.6,39,43.6952,-79.2646
M1P,40.2,2.6,8.4,38.8,41.4,36.8,32.2,30.2,31.2,43.7612,-79.2707
M1R,39.7,3.7,7.8,34.3,74.5,31.8,37,37.2,39.8,43.7507,-79.3003
M1S,43,3.3,7.8,43.7,29.2,47.5,27.2,30.7,19.3,43.7946,-79.2644
M1T,51,3.7,8.3,62.7,75.7,45.7,45,45.7,52.7,43.7812,-79.3036
M1V,33.7,4,7.3,38,32,17,12.7,17,17.3,43.8177,-79.2819
M1W,40,5,10,28.5,82,32,24.5,18,24,43.8016,-79.3216
M2H,44.3,3.7,8,46.3,58.3,29.3,28,42.3,26.3,43.8015,-79.3577
M2J,45,3.4,8,47,54.6,49.6,41,19.8,25,43.7801,-79.3479
M2K,59.7,4.7,9,49.7,34,32,40.7,32.3,32.3,43.7797,-79.3813
M2L,51,3.5,8,28,3,69,11,2.5,0,43.7547,-79.3764
M2M,53,6,7,21,79,0,1,0,0,43.7915,-79.4103
M2N,57.7,3.3,8.3,48.5,32.2,35,35.2,24.3,30,43.7673,-79.4111
M2R,66.5,3,6,51.5,39,62,26.5,2.5,4,43.7786,-79.445
M3A,49.2,5.2,8.2,58,36,23.8,26.8,15.2,5.8,43.7545,-79.33
M3B,30.5,3,9.5,90.5,81.5,76,63,68.5,71.5,43.745,-79.359
M3C,42.2,3.6,7.2,49.6,54.8,53.4,53.4,38.4,47.4,43.7334,-79.3329
M3H,45,5.5,9,54.8,47.5,38.5,42.5,41.5,21,43.7535,-79.4472
M3J,34.5,2.5,5.5,42.5,71.5,55.5,43,31.5,63.5,43.7694,-79.4921
M3L,57,1,9,12,0,60,45,0,0,43.7334,-79.5116
M4A,56,2,8,53.5,33.5,28.5,25,10,42,43.7276,-79.3148
M4B,37,3.5,9,91.2,50,62.8,90,74.2,76.2,43.7063,-79.3094
M4C,52,5,6,0,84,0,0,1,74,43.6913,-79.3116
M4G,40.5,3.5,9,21,46.5,27,32,2.5,42,43.7124,-79.3644
M4K,48.8,2,6.2,26,31.5,39.8,26,19.5,24.5,43.6803,-79.3538
M4L,51,6,6.5,51.5,28.5,40.5,36,15,14.5,43.6693,-79.3155
M4M,35,4.7,7.7,47.3,49,55.7,20,2.3,19,43.6561,-79.3406
M4N,61,2,9,80,50,75,44,24,1,43.7301,-79.3935
M4P,44.8,3,7.8,58.8,33.8,66,65.5,26.2,38.5,43.7135,-79.3887
M4R,66,6,9,98,0,81,78,1,1,43.7143,-79.4065
M4S,36,1.5,7,53.5,9.5,63,66.5,15.5,24,43.702,-79.3853
M4V,32.8,3.5,8,38.8,1,59.5,58.8,13.5,1.2,43.6861,-79.4025
M4W,32,5,10,73,48,59,57,68,70,43.6827,-79.373
M4X,69,3,9,32,69,73,23,40,13,43.6684,-79.3689
M4Y,41.5,2.5,7,69,57,65.5,75,50,86.5,43.6656,-79.383
M5A,56.7,4,8.3,45,42.7,33.3,17,1,31,43.6555,-79.3626
M5B,39,2.5,8,15,5,63,0,0,5,43.6572,-79.3783
M5E,63,6,11,60,3,44,49,11,2,43.6456,-79.3754
M5H,33,5,9,37,100,2,49,8,11,43.6496,-79.3833
M5J,52.7,4,8,25,90.7,13.3,11.3,15,9.3,43.623,-79.3936
M5N,48,5,10,41,53,40,55,68,51,43.7113,-79.4195
M5R,50.5,3,9.5,58.5,0,77.5,46.5,4.5,1,43.6736,-79.4035
M5S,58,1,9,90,3,71,81,29,22,43.6629,-79.3987
M5T,39.3,3.7,8.7,61,14.7,77,49.3,19,14.7,43.6541,-79.3978
M5V,42,6,10,56,2,39.5,46,1.5,0.5,43.6404,-79.3995
M6A,45.5,2.5,6.5,63.5,45,39,38.5,12,62.5,43.7223,-79.4504
M6B,25.5,4.5,8.5,70.5,49.5,42.5,16,0.5,5,43.7081,-79.4479
M6C,44,6,9,3,85,5,5,0,2,43.6915,-79.4307
M6E,22,3,8,15,60,18,8,12,30,43.6889,-79.4507
M6G,45,2,10,40,0,75,25,0,0,43.6683,-79.4205
M6H,40,4.2,7,52.4,30.2,49.4,39.2,15.4,14,43.6655,-79.4378
M6J,35.8,4.6,9,59.6,73.8,38,46.4,41,45,43.648,-79.4177
M6K,47,2.5,7.2,64.5,42.5,74.8,61.5,49.5,37,43.6383,-79.4301
M6L,32,1,7,62,11,87,58,12,36,43.7137,-79.4869
M6M,32.8,3.6,7.6,50,49.6,48.8,42,28,32.6,43.6934,-79.4857
M6N,45.7,2.7,6.3,66.3,23.3,51.3,21,4.7,24,43.6748,-79.4839
M6P,30.2,4.5,7.5,32.8,25.2,60.2,48.2,19.5,15.5,43.6605,-79.4633
M6R,70,3,11,91,2,73,48,11,0,43.6469,-79.4521
M6S,40,5,9,11,2,2,5,4,56,43.6512,-79.4828
M8V,49.6,3.9,7.4,56.5,47.2,45.6,36.8,14.8,45.1,43.6075,-79.5013
M8W,58.5,4.5,7.5,71.5,39,47.8,49,22.2,14.8,43.6021,-79.5402
M8X,70,3,11,77,10,77,65,10,2,43.6518,-79.5076
M8Y,50.7,3,8,69.7,22.7,61.7,49,10,27.3,43.6325,-79.4939
M9A,51.2,3.2,8.5,56,23.8,59.2,48.8,10.5,28.8,43.6662,-79.5282
M9B,39.3,5,7.7,14,49.3,14.7,17,14.3,20.3,43.6505,-79.5517
M9C,40.3,4.3,8,80.3,6.7,59.3,34,12.7,15.7,43.6437,-79.5767
M9M,50,4,9,71,65,42,14,33,9,43.7366,-79.5401
M9N,23,3,5,78,44,63,77,53,65,43.7068,-79.517
M9P,26,7,10,28,7,4,16,6,1,43.6949,-79.5323
M9R,69,1,6,60,5,47,57,2,3,43.6898,-79.5582
M9V,41.6,3.2,8.4,71.4,31.6,58.2,65,36,29.2,43.7432,-79.5876
N0B,39.5,2.5,5.5,26,26.5,25.5,50,1,5.5,43.5569,-80.4414
N0C,49,3.3,7.7,3.7,86.3,6.7,5,6,27,44.256100000000004,-80.5029
N0G,43.5,4,6.7,27.8,51.5,39.8,37.5,15.2,29,44.0024,-81.0676
N0H,53,6,7,54,1,32,5,1,0,44.6941,-81.0962
N0J,48,1,7,3,43,1,23,15,34,42.9775,-80.7057
N0L,50.3,3.7,7.3,25.3,40.3,67,49.7,40.3,27.3,42.7557,-81.4533
N0M,64,3,7,5,77,41,28,6,13,43.2788,-81.5442
N0N,63,3,8,60,60,40,30,10,10,42.9062,-82.11
N0P,57,2,5,37,41,34,37,39,39,42.4045,-81.9107
N0R,57,3.5,9,56,36,37,43,16,40,42.1783,-82.7715
N1E,39.2,4.2,6,5.2,28.5,36.8,37.8,11.2,25,43.5677,-80.2418
N1H,50,2.8,8.2,65.2,4.5,62.8,77,23.5,27,43.5588,-80.3004
N1L,47,3.3,7,51,21.7,35.3,29.3,20,17,43.516,-80.19
N1P,39.7,3.3,6.3,18.7,75.7,53,53.3,40,28.3,43.3398,-80.2955
N1R,48.7,3,6.7,21.7,43,30,34,0,0,43.3666,-80.2239
N2A,70,5,9,8,63,69,55,65,81,43.4413,-80.4246
N2B,70,3,6,2,2,99,75,0,0,43.4646,-80.4467
N2C,37,3.5,7,3,28.5,49,44.5,28,18.5,43.4182,-80.4451
N2E,56,5,10,92,57,23,81,32,39,43.4106,-80.5011
N2G,55.7,5,10,70.7,11.7,80.3,70,24.3,2.7,43.4443,-80.4891
N2H,43,2.5,6,73,46,67.5,56,22.5,29.5,43.4581,-80.4818
N2K,67,5,9,0,61,5,21,0,55,43.4961,-80.4936
N2L,43.2,4.2,6.5,50.8,16,41.8,28.8,11,19.3,43.4715,-80.5454
N2M,51.5,2,6,47.5,41,28.8,32.2,9.5,28.8,43.4363,-80.5093
N2N,21,6,5,1,75,45,30,0,90,43.426,-80.5438
N2P,31,2,7,61,43,84,76,53,3,43.3878,-80.4296
N2T,50,4,9,53,53,20,10,19,4,43.453,-80.5692
N2V,66,7,11,65,2,45,25,1,1,43.4764,-80.5842
N2Z,45,4,7,64,59,80,16,33,29,44.1664,-81.601
N3A,60,2,5,44,7,95,97,56,14,43.4001,-80.6497
N3C,31,2,7,24,0,46,27,1,0,43.4389,-80.2649
N3P,70.5,2.5,7.5,35,37.5,12.5,20,0,50,43.1818,-80.2367
N3S,34,4,4,30,32,16,12,36,28,43.1394,-80.2357
N3T,54,4.5,6,39.5,71.5,46,31.5,13,14,43.131,-80.3254
N3W,66,3,10,84,7,74,52,13,0,43.0668,-79.9329
N4G,67,3,6,72,66,51,35,1,30,42.8599,-80.7262
N4K,38.7,2,5.7,27.7,57.3,22.7,19,21.3,58,44.5672,-80.9435
N4N,27,2,8,0,0,80,20,0,0,44.1501,-81.033
N4S,21,6,8,24,84,68,6,8,4,43.1432,-80.7338
N4T,55.5,3,7,26,66.5,28.5,19,15.5,16.5,43.1485,-80.7319
N4W,50,3.5,6,27,73.5,8.5,11,6.5,46.5,43.7334,-80.949700000000007
N4X,59,2,7,87,7.5,39.5,16,2,24.5,43.2655,-81.1687
N5A,37,7,7,80,5,74,74,17,0,43.3668,-80.949700000000007
N5C,60,2,9,0,98,0,51,0,100,43.0334,-80.883
N5H,43,3,6,56,49,42,38,46,41,42.7668,-80.983
N5P,41.5,1.5,5.5,51.5,29,54.5,11,2.5,1.5,42.7779,-81.1769
N5R,23,4.5,6.5,33.5,12,45,67,11.5,25,42.7597,-81.1762
N5V,50,2,8,2.5,70,36.5,10.5,31.5,48.5,43.0233,-81.1643
N5W,50,2.8,6.5,42.2,33,62.5,21.2,8.2,10.5,42.9856,-81.1821
N5X,44.3,3.6,6.9,35,46.7,43.6,22.9,11.1,16.3,43.0443,-81.2391
N5Y,26,2.5,5,6.5,44,45,72.5,2,25,43.0123,-81.2307
N5Z,47,2,9,100,96,94,91,93,94,42.966,-81.2053
N6A,63,2,7,80,2,40,60,40,0,42.9976,-81.2563
N6B,65,2,7,80,31,13,17,18,6,42.9835,-81.2386
N6C,74,2.5,9,77,16,50,33.5,8,15,42.9582,-81.238
N6E,55,3,5,23,58,72,12,2,6,42.9185,-81.2244
N6G,56.3,2.7,5,54,47.7,42.3,38.3,24.3,19.3,43.0147,-81.3049
N6H,23,1,5,79,24,61,23,51,52,42.9915,-81.3402
N6J,33.5,1,6,22.5,25.5,53.5,32,34.5,40,42.9546,-81.2735
N6K,64,4,10,23,24,31,20,6,27,42.9536,-81.3418
N6M,65,2,10,50,4,60,60,1,2,42.9632,-81.1392
N7G,59,4,8,90,0,9,1,0,0,42.9551,-81.6223
N7L,35.5,2,9,42.5,32,51.5,36.5,22.5,19.5,42.4209,-82.1993
N7S,48.5,1.5,6,48,79,74,51.5,20.5,50.5,42.9888,-82.3592
N7T,43.5,2,7,83,5,41.5,37.5,1.5,5,42.9578,-82.2777
N8M,70,1,5,68,1,0,0,1,0,42.1751,-82.8248
N8N,78,3,10,0,0,0,0,0,0,42.2946,-82.8667
N8S,40,3,7,0,20,38.5,37.5,12.5,45,42.3283,-82.9472
N9A,40,3,9,80,16,86,49,26,12,42.2007,-83.0276
N9B,49,4,6,1,37,51,7,1,47,42.2949,-83.052
N9G,56.2,3.8,6,73.5,52.8,64.8,56.5,38.8,54,42.2481,-82.9952
N9H,49,2,7,3,100,0,2,1,1,42.2318,-83.0281
N9J,21,4,8,50,50,50,50,50,50,42.2187,-83.0801
N9V,51,2,5.5,75,60,66,15.5,14.5,19,42.1168,-83.0498
N9Y,57.7,4.3,8,83.3,40,46,25.7,10.7,13.7,42.0502,-82.7598
P0A,65.3,3,6.3,7.3,38.3,14,24.7,15.3,14,45.5881,-79.3546
P0H,67,2,5,96,21,41,26,6,25,46.3109,-79.3617
P0N,69,5,8,75,25,50,51,0,0,48.6027,-81.0115
P0S,59,7,7,12,6,80,9,11,5,48.048,-84.6727
P1A,48,3.5,6.5,40.5,39,71.5,35.5,8.5,5.5,46.2801,-79.4502
P1B,63,1,5,76,50,14,4,1,1,46.3364,-79.583
P1P,77,6,9,82,14,44,34,15,4,44.9168,-79.3663
P2B,73,4,9,91,41,89,68,0,0,46.3668,-79.9164
P3A,41,5.5,9,17.5,28,34.5,32,25.5,30.5,46.5187,-80.934
P3C,75,1,5,1,86,1,1,45,45,46.5133,-81.0225
P3P,48,5,4,9,31,61,32,57,54,46.7259,-81.0166
P5N,65,1,5,2,13,25,26,12,14,49.4169,-82.4331
P6B,75,2,5,39,67,49,22,21,22,46.5307,-84.3046
P7G,37,7,7,0,80,10,0,1,10,48.4001,-89.3168
P8N,42,2,7,47,46,56,41,41,57,49.7833,-92.7503
P8T,54,6,9,61,22,50,48,47,3,50.0668,-91.9836
R0A,29.8,3.2,6.8,30.8,28.5,66,47,20.8,54.8,49.2911,-96.2985
R0B,49,3,11,17,17,17,17,15,17,56.2701,-96.9118
R0C,67.5,2,6,41,40,75,39.5,30.5,28,51.4132,-97.8525
R0E,70,3,7,49,47,62,65,4,0,50.4751,-95.961
R0G,59,3,5.5,15,42.5,20.5,24,38.5,27.5,49.4394,-98.0869
R0K,53,7,8,1,72,1,1,1,1,49.555,-99.7154
R0L,61,2,6,67,15,91,49,7,6,52.0092,-100.2901
R0M,39,1.5,7.5,60,0,84.5,50,2.5,0,49.711,-100.9263
R1A,56.7,4,7.3,39.7,9.3,53.7,35,1.7,3.3,50.1436,-96.8845
R1C,62,4,7,0,0,0,0,0,0,50.055,-96.9781
R2C,33,3.3,7,49,10.3,51.3,34,7.7,16,49.9247,-96.9563
R2G,56,2,9.5,36,48,40.5,28.5,7.5,7,49.9413,-97.0571
R2H,38,3,6.5,76.5,11,70,54.5,19,23,49.8846,-97.1186
R2K,50,3.7,5.7,35,30,54.7,17.3,2,6,49.9203,-97.083
R2L,32,4,7,23,7,83,17,1,1,49.9075,-97.0996
R2M,30,2.5,6,28.5,7.5,60,78,7.5,0.5,49.8396,-97.1147
R2N,50.5,3.5,9,84,23,50,77,9.5,28.5,49.7838,-97.0973
R2R,50,4,7,0,46,2,14,12,89,49.9377,-97.2162
R2V,65,4,5,84,0,19,9,0,0,49.9548,-97.1112
R2W,37,2,7,20,83,41,49,40,45,49.9195,-97.1354
R2X,33,4,9,5,16,99,13,5,29,49.9322,-97.1733
R2Y,58,3,7,100,0,0,0,0,0,49.9073,-97.2945
R3C,40.8,1.2,7.5,72.5,15.5,43,32,32.8,25,50.011,-97.2184
R3H,43,3,8,0,20,0,5,10,100,49.9033,-97.2074
R3K,50,3,7,25,40,60,0,0,10,49.8734,-97.307
R3L,49.5,3.5,7.5,75.5,29.5,86.5,52,37.5,40,49.867,-97.1356
R3N,54.7,2,8,26,9,62,16.3,3.7,0,49.8629,-97.1959
R3P,48.5,3,8.5,0.5,98.5,28.5,28,34,3,49.8425,-97.2182
R3R,44,3.7,7,43.7,12.3,61,37.7,23.7,11.7,49.8546,-97.2874
R3S,23,1,4,6,95,50,11,38,20,49.8255,-97.2934
R3T,30.5,4,7.8,41.8,54,46.2,28.8,18.5,32,49.8143,-97.1531
R3W,39,5,9,84,0,84,77,27,2,49.9141,-97.0401
R3X,55,5,9,61,2,80,43,2,6,49.8209,-97.0322
R3Y,31,3,9,14,8,10,6,11,7,49.7885,-97.2147
R5K,66,2,8,28,47,39,45,51,28,49.7392,-96.8723
R5N,62,3,7,48,66,49,47,51,49,NA,NA
R7A,64,3,9,3,85,58,76,13,26,49.8174,-99.9565
R8A,60.3,4,7.3,44,43.3,29,33.3,16.7,20.7,54.7682,-101.865
R8N,50,4,9,43,40,40,41,2,41,55.7435,-97.8558
S0A,61.4,2.4,6.4,27.9,34,26.6,24.9,8.1,23.1,51.4818,-102.9065
S0K,45,3,8,34.1,49,48.7,28.4,21,22.7,52.3003,-107.9907
S0L,39,3,7,10,80,30,10,10,10,51.4827,-108.4898
S0N,20,8,5,0,0,0,0,0,0,49.9116,-108.7236
S3N,67,3.5,5.5,31.5,53.5,31.5,19,14,24,51.2167,-102.4677
S4L,42,7,7,0,85,0,0,50,70,50.4132,-104.2733
S4N,44,4,7,1.5,69,39,26.5,1.5,24.5,50.4671,-104.541
S4P,28,1,4.5,58,73.5,70.5,36.5,65.5,67.5,50.419,-104.6774
S4R,59,4.5,8,23.5,40.5,47,34,18,7,50.4855,-104.6163
S4S,24,1,6,0,0,0,0,0,1,50.4153,-104.6103
S4T,60,2,5,4,56,36,9,6,25,50.4507,-104.665
S4V,62.2,4,9,27.5,42.5,22.5,18.2,8.8,9,50.4251,-104.5389
S4X,46,4.4,7.6,9,53.8,47,24.2,4.2,12,50.506100000000004,-104.6752
S4Y,48,6,5,8,97,23,13,3,3,50.4768,-104.6986
S6H,67,5,10,77,5,69,29,4,0,50.3895,-105.5578
S6J,40,2,6,0,0,0,0,0,0,50.4185,-105.5393
S6V,56,2.5,7,49.5,50,76.5,24,51.5,41.5,54.493,-104.3049
S7H,34,2,9,1,0,1,1,3,1,52.1168,-106.6345
S7J,73,4,5,8,63,12,27,12,9,52.0961,-106.6252
S7K,45.2,2.8,7.2,29.8,29.8,50,24.8,5,11.7,52.0111,-106.7955
S7L,34,4.5,8,22.5,66.5,9,6.5,3.5,42.5,52.1564,-106.6873
S7M,37.8,3.5,6.8,39.2,38.2,54.2,33.5,25.8,49,52.1133,-106.7235
S7N,34.7,4,6.7,1.3,43,43.7,40.7,18.7,42.3,52.1404,-106.608
S7V,54,3,8,6,0,12.5,15.5,2,0,52.0976,-106.5553
T0A,42.2,2.6,5.8,16.3,55.2,39.8,22.2,10.3,26,54.766,-111.7174
T0B,48.7,2.8,6.2,12.7,64,16.6,24.4,15.8,39.3,53.0727,-111.5816
T0C,45.8,3.4,5.8,20.4,41.8,46.2,43.2,18,24.5,52.1431,-111.6941
T0E,44.1,2.8,6.5,27.2,38.5,36.5,20.6,8.3,17.6,53.6758,-115.0948
T0G,50,1,6,33,29,29,14,6,22,55.6993,-114.4529
T0H,49.5,2.8,6.2,6.7,48,15.4,10.5,1.9,12.3,57.5403,-116.9153
T0J,59.4,2.2,7.2,4.4,74,12,16,2.4,23,50.9944,-111.4632
T0K,57.8,2.2,6.5,9.5,73,1.8,24.8,31.2,25.5,49.4721,-112.2408
T0L,54.2,2,6.5,47.7,16.8,58.2,36.2,3.2,7.2,50.6314,-114.4089
T0M,52.6,3.8,6.8,22.2,57.2,36.8,26.6,12,24.5,51.9552,-114.8691
T0P,47,2,4,52,68,81,13,25,19,58.2626,-110.7467
T1A,54.8,3.5,6.5,26.7,62.9,27.4,17.5,18,22.7,50.0816,-110.5788
T1B,49.1,3.5,6,33.6,70,44.5,27.4,17.8,34.1,49.835,-110.5203
T1C,58.5,4,7,49,48,42.5,0.5,0.5,2.5,50.0774,-110.6911
T1G,44.3,2.3,5,53.7,58.7,53,20.7,18.3,33,49.787,-112.146
T1H,51.1,2.2,7.1,18.2,40,31.1,28.6,6.6,25,49.7,-112.8186
T1J,54.2,3,7,42.8,50.5,50,34.7,11.7,24.7,49.6581,-112.7484
T1K,56.9,3.5,7.1,40.2,48.9,45.6,32.4,13.9,18.2,49.6511,-112.8351
T1L,38,3.5,8,83.5,21,36,23,31.5,40,51.1762,-115.5698
T1M,30,3,9,70,12,100,37,11,28,49.7167,-112.6185
T1P,53.9,3.2,6.4,15,57.1,17.7,14.4,12.6,13,51.0501,-113.3852
T1R,52.7,5,6,11,72.3,50.3,19.3,1,30,50.5834,-111.8851
T1S,39.1,4.6,6.9,26.3,73.1,35.6,27.3,13.1,15.3,50.7362,-113.9695
T1V,61.3,3.3,4,49,1.7,60,7.3,4.7,6.3,50.5834,-113.8687
T1W,58.8,3.4,8.4,41.2,35.2,39.8,34.4,10.6,18.4,51.0876,-115.3461
T1X,44.3,2.8,6.2,50.9,56.8,48.3,45.2,45.3,54,51.0334,-113.8187
T1Y,41.4,2.9,7.1,54.1,46.4,53.7,45.5,28.3,29.1,51.0823,-113.9578
T2A,40.7,3.5,6.1,25.5,55,29.6,38.8,20.3,31.8,51.0494,-113.9564
T2B,45.2,2.2,6.6,21.1,57.8,25.1,38.4,26.8,39.1,51.0209,-113.981
T2C,42.2,3.9,7.5,37.6,48.9,39.9,36.2,12.6,24.1,50.987,-113.9634
T2E,45.2,2.9,7.3,35.2,34.3,47.3,36.8,24.2,21.7,51.0876,-114.0214
T2G,50.6,2.4,8.3,44.1,48.1,46.9,30.4,18,23.4,51.0272,-114.0349
T2H,39.5,3,7.5,52,25.5,64,48,26,32.5,50.9894,-114.052
T2J,50.1,3.3,7.3,28.4,41.2,22.3,26,13.7,28.1,50.8476,-114.1958
T2K,43.4,3.1,7.2,37.6,44,34.4,21.9,16.2,21.9,51.1111,-114.0477
T2L,33,5.7,7.7,51,63.3,37.3,34.7,31.3,28,51.1047,-114.1148
T2M,49,2,8,38.5,38.5,56.5,49,33.5,37,51.133,-113.856
T2N,46.8,4,7.4,48,43.4,51.1,41.7,25.2,38.1,51.0621,-114.1159
T2P,35.3,4.3,8.2,55.3,65.3,58,47.6,50.9,59.9,51.0708,-113.6931
T2R,43.8,3.4,8.4,62.8,50.2,68.8,47.5,53.9,45.8,51.0412,-114.0762
T2S,32,5,4,40,65,40,52,56,66,51.0233,-114.071
T2T,35.9,2.9,7.9,27.7,48.4,42.8,34.3,31.8,29.2,51.0242,-114.1004
T2V,53.6,3.8,8,36.4,36.5,48.2,36.2,21.5,25.4,50.9819,-114.1004
T2W,54.4,3.9,7.8,23.1,48.5,31.2,22,8.1,16.5,50.9514,-114.3591
T2X,46.1,2.9,7.5,33.3,47.5,41.9,19.6,6.9,16.1,50.8837,-114.0326
T2Y,47.7,3.1,7.3,26.9,59.2,40.8,28.9,27.5,45.8,50.9093,-114.1028
T2Z,44.1,4,7.8,41.6,43.9,44.4,19.8,10.2,18.8,50.9278,-113.9682
T3A,50.6,4,8.1,30.9,66.2,38.9,30.2,24.1,29.3,51.1264,-114.1419
T3B,43.3,2.8,6.5,23.1,45.2,26.2,27.4,10.6,5.8,51.0915,-114.2073
T3C,42.8,4.4,6.8,27.6,42.4,35,23,24.8,24,51.0497,-114.1394
T3E,43.2,3.2,7.9,30.6,50.8,40,32.4,11.8,22.1,50.9899,-114.1574
T3G,51,4.2,7.6,34.3,51.5,32.8,23,15.5,18.5,51.1387,-114.2015
T3H,53.8,3.9,8.1,30.5,43.6,48.8,28.5,20.3,20.3,51.0419,-114.2
T3J,39.6,3.5,8.1,46.8,32.6,57.4,45.9,28.3,39.4,51.1188,-113.9471
T3K,43.8,3.1,7.6,30.8,46.3,33.4,20.7,6.5,14.2,51.1563,-114.0572
T3L,47.7,5.5,7.9,31.1,50.9,39.2,31.6,15.2,14.8,51.1467,-114.3133
T3M,45.6,4.4,8.4,33.6,59.9,43.7,29.6,18.2,20.3,50.8796,-113.9555
T3N,26.8,3.8,7,37.2,50,51.5,47.8,38.7,26.3,51.1626,-113.9537
T3P,44.7,4,9,49,67.7,41.3,32.7,7.7,19.7,51.2074,-114.1348
T3R,38,6,9.5,71,29,68.5,38,26,22,51.2021,-114.2453
T3S,38,5,8.3,92.7,83,84.7,68.3,81.7,82.7,50.9153,-113.8932
T3Z,58,6,9,13,85.5,20.5,22.5,15,51.5,51.0691,-114.4727
T4A,45.2,4.2,6.5,35,49.5,52.8,33.3,16.2,29.5,51.2799,-113.988
T4B,41.5,4.3,6.6,25.4,50.5,32.6,32.7,24.5,33.5,51.3082,-114.0398
T4C,45.8,2.9,7,38.9,63.1,51.3,30.7,21.9,30.9,51.1834,-114.4687
T4H,46.5,1,5.5,0.5,31.5,63,13.5,0,0,51.7834,-114.102
T4L,50.5,4.8,8.5,28.8,52.5,20.2,13.2,6.8,18.2,52.4668,-113.7353
T4M,40,4,7.5,38,65,49,13,15,12,52.3834,-113.7853
T4N,45.7,2.7,6.6,44,45.4,47.6,28.6,27.3,28.8,52.2316,-113.8358
T4P,50.4,3.9,6.8,21.5,56.1,30.2,16.5,13.4,29.8,52.2954,-113.8073
T4R,51,2.8,6.4,19.6,29.2,32.4,23.6,10.6,16.8,52.2424,-113.7784
T4S,71,3,6,1,52,0,0,1,1,52.3168,-114.0853
T4T,63.3,2,6.7,7.3,55.7,48.7,18,14.7,16.3,52.3668,-114.9188
T4V,52.2,5.2,8.8,17.5,59,18,25.5,7,21.5,53.0168,-112.8353
T4X,49,4.3,7,20,83,30.7,25.7,31.3,60.3,53.3501,-113.4187
T5A,32.3,3.6,6.9,47.7,49.4,62,36.5,38.8,45,53.5931,-113.4077
T5B,45.4,2.4,7.2,51.8,51.4,64.6,27.2,15.8,8.8,53.7353,-113.3369
T5C,35.8,4.5,7.2,57.6,45.6,51.6,45.5,40.4,40.1,53.5996,-113.4549
T5E,42.8,3.8,7,40.8,56.6,45.6,31.7,20.9,27.1,53.7454,-113.4465
T5G,41.5,2.8,6.2,32,78,60.2,36.8,48.8,55,53.5705,-113.5051
T5H,44.8,3.9,7.3,54.7,59.7,49.1,45.4,33.9,42.5,53.5514,-113.4916
T5J,38,4.2,7.8,79.3,68.2,77.8,78.5,77.8,77.3,53.5428,-113.4974
T5K,51.8,3.6,7.8,55.1,40.7,53.2,37.9,21.3,26.8,53.5366,-113.5103
T5L,43.8,3.5,8,51,47,64.8,15.5,17,19.2,53.585,-113.5526
T5M,50.4,1.6,6.4,26.6,50,31.9,33,19.9,41.6,53.563,-113.5662
T5N,48.4,4.2,7.5,45.4,42.8,40,37.8,24.2,29.9,53.5436,-113.5574
T5P,50,3.5,7.2,51.4,58.6,49.2,40.5,32.6,37.8,53.5463,-113.5957
T5R,45.7,2.6,7.6,28.5,37.9,54.2,28.3,15.7,12.5,53.5181,-113.5797
T5T,44.1,3.5,7.3,44.3,47.3,44.3,26.6,18.9,21.8,53.5185,-113.6579
T5W,51.1,3.1,7.4,38.9,36.3,56.3,22.9,4.4,23.3,53.5645,-113.4022
T5X,52.5,3.9,7.8,13.8,57.8,36.4,14.6,13.5,16,53.6313,-113.5245
T5Y,45.2,2.9,6.6,36.7,44.7,38.9,25.8,11.2,19.6,53.6585,-113.3614
T5Z,34.6,4.1,7.5,35.3,29.1,57.7,23.6,9.8,15.2,53.6365,-113.4673
T6A,48,4.4,9,57.4,33.4,37,36.4,28.4,14.2,53.5482,-113.4318
T6B,45.5,3.5,7.5,35,26.8,62,25.5,19,30.2,53.5128,-113.4194
T6C,44.3,3.7,8.1,55.7,36.4,74.3,51.1,31.3,32.9,53.522,-113.459
T6E,44,3.1,7.2,60.6,14.1,65.6,35.4,22.1,9.4,53.4914,-113.4802
T6G,32.2,3.2,7.3,29,64.7,41.2,32.7,19.7,19,53.521,-113.5324
T6H,55,4.2,8.5,50.1,50,41.6,31.4,23.9,25.1,53.3753,-113.4585
T6J,47.5,3.5,8.2,45.1,34.7,54.4,42.8,15.8,21,53.4564,-113.521
T6K,42.4,3.4,6.9,52.9,77.2,56.8,54.1,53.1,61,53.4609,-113.4519
T6L,39.8,3.8,7.7,32.9,50.5,22.4,25.7,15.9,30,53.4593,-113.4145
T6M,44,4.2,8.5,23.5,64.3,31.5,14.7,12.5,24.5,53.4593,-113.6546
T6R,48.2,4.2,7.8,38.2,50.5,37.3,26.5,24.8,27.1,53.4567,-113.5801
T6T,22,2,8,52,54,52,22,42,34,53.4617,-113.371
T6V,45.4,2.4,8.5,44.9,44.8,47.2,16.2,11,30.1,53.6112,-113.5746
T6W,44.3,3.6,7.7,34.3,42.3,51.1,21.7,14,28,53.4179,-113.5785
T6X,38.6,3.9,7.3,32,44.9,45.7,30.6,28.1,30.7,53.4154,-113.4178
T7A,59.6,3.4,6.8,35,55.6,33.8,35.2,16.6,34.6,53.2168,-114.9854
T7N,59.7,2,7,11,82,2,28.7,12,22.7,54.1334,-114.4021
T7P,62,2,7,32,99,53,28,0,21,54.1502,-113.8688
T7S,46.2,4.8,7.4,41.8,39,45.8,16.8,2.4,33.4,54.1501,-115.6855
T7V,30,6,11,55,39,91,85,26,17,53.4001,-117.5857
T7X,50.4,3.1,7,29.4,60.5,35.5,28.5,21.4,27.8,53.5334,-113.9187
T7Y,44,5,7.7,16.3,54.7,10.7,24.7,7,19.3,53.4184,-113.8097
T7Z,52,4.2,7,16.8,61.4,11.2,28.6,1,15.8,53.5334,-114.0021
T8A,50,3.5,7.1,18,42.1,31.7,20.9,4.1,11.5,53.528,-113.2512
T8B,64,7,5,100,0,15,5,2,0,53.4397,-113.2952
T8H,52,3.9,7,33.2,49.8,38.2,39.1,26.6,42,53.556,-113.2952
T8L,57.2,2.8,6.2,5.2,42.4,17.2,9,1.2,26.4,53.7168,-113.2187
T8N,55.4,4.1,7.7,31.2,53.7,33.4,16.3,14.4,18.9,53.6334,-113.6353
T8R,41.8,4.2,5.8,12,58.8,17,19.4,2.4,17.2,53.8001,-113.652
T8S,40.5,1.5,5,7,49,16,27.5,25,51.5,56.2501,-117.286
T8V,58.5,3.3,7.2,37.2,45.5,46.2,31.7,11.8,21.2,55.1808,-118.9103
T8W,29,1,4.5,25,50,25,25,25,25,55.1303,-118.7946
T9A,60.5,1.8,7.5,27.8,21.2,45.8,11,2.2,10.5,52.9668,-113.3687
T9E,43.2,3.8,7.2,42.8,56.7,47.9,38.9,21.1,27.3,53.2668,-113.552
T9G,40.8,2.5,5.8,28.3,76,22.2,31.8,17.7,51.5,53.3668,-113.7353
T9H,32,4,6,70.5,30,87.5,29,17.5,47,56.664,-111.1357
T9J,51,3,10,0,100,0,0,0,0,56.707,-111.3771
T9K,42,4.7,9,32.2,78.8,42,31.5,26.5,31.7,56.7538,-111.435
T9M,44.8,3.3,7.5,46.7,51.7,47,38.7,14.2,23.5,54.4502,-110.2017
T9N,34,1,5,71,32,35,78,66,68,54.2668,-110.7351
T9S,50.2,4.8,6.5,1.5,68.2,4.2,24,9.2,13.5,54.7169,-113.2854
T9V,41.3,2.7,7.7,59,69.7,52,46.3,57.3,59.7,53.2717,-110.0853
T9W,65,3,7,0,35,25,5,1,25,52.839,-110.8572
T9X,61.5,5.5,7,36.5,86.5,27.5,2,2,2.5,53.3669,-110.8517
V0A,38,7,10,4,6,3,4,1,5,51.2994,-116.939
V0B,64,2,9,40,41,46,42,47,41,49.6775,-115.5636
V0C,51,1.5,5,65.5,23,27.5,60.5,7,14.5,58.3874,-125.7167
V0E,48.7,3,7.3,43,44.3,19.3,17,28.7,26.7,51.505,-119.2034
V0G,63,2,5,0,80,5,5,5,5,50.053,-117.4291
V0H,58,3.7,7,0,69.3,39.7,0.3,0.3,6.3,49.4089,-119.0054
V0J,65,1,4,0,0,90,20,0,20,55.9964,-126.8574
V0K,71,2,5,57,100,8,8,8,64,51.4367,-121.6384
V0M,63,2,5,0,15,100,35,0,10,49.6346,-122.038
V0N,33.5,2,6.5,32,0,13.5,39,13,25,51.2944,-126.0745
V0R,55.7,3.3,6.7,30,55.3,45,48,16.7,19.3,49.027,-124.8461
V0X,66.3,1.3,6.3,30.7,45.7,47.7,24,5.3,17.3,49.3688,-120.6569
V1A,61,4,9,59,24,29,19,22,2,49.6832,-115.9855
V1C,36,4,7,5,85.5,18.5,22,15.5,62.5,49.4999,-115.7688
V1G,35.5,2,4.5,15,45.5,13.5,48.5,0,3,55.7666,-120.2362
V1J,58,2,7,31,80,26,37,26,32,56.2499,-120.8529
V1L,71,2,7,1,5,38,54,1,2,49.4999,-117.2855
V1N,61,3,6,4,81,1,2,2,8,49.2998,-117.6689
V1R,46,1,4,6,97,26,12,16,80,49.0998,-117.7022
V1T,55,5,7,54,20,33.5,37.5,12.5,13,50.2604,-119.2774
V1V,58,6,9,79,73,67,30,30,65,49.9497,-119.4339
V1W,21,8,5,9,9,16,28,35,32,49.812,-119.5076
V1X,54,1,8,12,10,55,50,0,49,50.0528,-119.2858
V1Y,43,3.7,7.3,26,17.7,13.3,18,10,10.3,49.8928,-119.4852
V1Z,61,2,7,40,0,48,48,0,0,49.8625,-119.5833
V2A,66.8,3.6,7.6,33,43.8,26.4,12,13.6,6.6,49.4806,-119.5858
V2B,45,2,8,25,60,40,40,40,40,50.8869,-120.7357
V2C,26.5,5,9,25,2,37,40,24,1,50.5437,-120.0937
V2G,48.5,6,5,48.5,8,12.5,27,0,6.5,52.1415,-122.1445
V2K,65,4,7,49,4,27,19,20,3,54.0508,-122.9221
V2M,56.3,2,5,44,53.7,53,48.7,26,29.3,53.9127,-122.8708
V2P,50,2,5.7,22,49.7,9,41.7,18.7,43.3,49.1838,-121.9046
V2R,61.5,4.5,8.5,70.5,32,61,16.5,1,2.5,49.076,-121.9883
V2S,44,4,7.5,6.2,61.2,40.3,13.8,6,3.8,49.0423,-122.2835
V2V,53.8,3.2,5.8,28,39.5,39.2,39,23,35.8,49.6463,-122.5047
V2W,33,4,8,50,32,2,83,1,8,49.2068,-122.4851
V2X,48.8,3.2,6.8,36.8,13.2,43,50.2,17.2,15.8,49.2196,-122.6164
V2Y,38.5,5,8,98,2,22,49,28,2,49.1285,-122.6236
V2Z,66,6,7,2,38,5,12,13,45,49.0483,-122.5997
V3B,34.8,4.5,8.8,52.8,33.8,47.5,33.8,24.8,39.8,49.274,-122.7649
V3C,39.3,4,8,69.7,37,32.3,19,9,2.7,49.2436,-122.7865
V3E,65,5,7,10,80,10,45,1,0,49.3167,-122.7384
V3H,62.7,5.7,6.7,33,38,33,28.7,24,25.7,49.3231,-122.8626
V3J,25.5,2.5,5,35,29,31.5,6,2,11.5,49.265,-122.8716
V3L,46,4.3,7.3,58,37,72,58.3,21,23,49.2201,-122.8998
V3M,54.5,5.5,7,24.5,47,43.5,57,14.5,39,49.1886,-122.9384
V3N,41.7,3.3,5.7,74.3,18.3,65.7,42,31,6.3,49.2275,-122.9301
V3R,21,8,8,75,30,60,50,30,40,49.1948,-122.8131
V3S,43,4,8.4,26.4,29.4,32.2,20.8,8.2,12,49.0791,-122.7553
V3T,27,3.5,5,7.5,40.5,55,8,4.5,8,49.1894,-122.8454
V3V,33.5,3.5,6.5,66,14.5,57,46,0.5,5.5,49.1889,-122.873
V3W,44.3,3.7,7.5,46.5,44.5,67.2,54.5,32.8,27.2,49.141,-122.8569
V3Y,42,2,4,3,68,78,63,13,69,49.2212,-122.6896
V3Z,41,6,10,55,50,60,40,0,0,49.1064,-122.8251
V4B,68.3,2,5.7,29.3,53.7,50,49.7,10.3,26.7,49.0259,-122.8058
V4E,55,1,5,5,5,0,0,1,0,49.1197,-122.9056
V4G,29,3,6,2,97,0,91,30,96,49.1464,-123.0137
V4L,44,4,9,5,60,3,2,30,3,49.0418,-123.0591
V4M,51,6,6,70,12,49,60,11,1,49.0331,-123.0877
V4N,35.8,4.8,7,25.5,51.5,28,37.5,18,37.7,49.1707,-122.7326
V4R,44.5,3,9.5,32.5,87.5,0,7,30,22.5,49.2903,-122.5169
V4T,50,3,7.3,24,22.7,20.7,18.3,2,3.7,49.866,-119.7387
V4W,52,1.5,6,0,1.5,10.5,27.5,0,0,49.0713,-122.4977
V4X,22,8,7,0,0,0,0,0,0,49.0861,-122.4026
V5A,54,4.7,7,36.3,27.3,36.7,29.3,15,15,49.264,-122.9369
V5C,52,5,9,66,19,47,57,31,0,49.274,-123.0074
V5E,45,4.3,7,43.3,50.3,51.3,41.7,20.3,33,49.2272,-122.9574
V5H,43.5,3,7,44.5,55.2,52.7,27.2,8,7.8,49.2302,-122.9952
V5K,45.5,2.8,9,58.5,47.8,45.2,33.8,39.8,39.2,49.2807,-123.0397
V5L,64.3,3.7,9,70.7,6,68.7,48.7,3.3,1.3,49.2795,-123.0667
V5M,41,3,9,5,50,10,50,50,50,49.26,-123.0398
V5N,41.5,3,7.5,76.5,27.5,92,11,0.5,0.5,49.2551,-123.0667
V5P,57.5,3.8,8.5,77.5,18.8,66.8,22.5,16,30,49.222,-123.0683
V5R,57.5,3.5,6,35,50.5,44.5,70.5,25.5,40.5,49.2397,-123.0407
V5S,49.5,4,11,67.5,53,49,41,27,36,49.2175,-123.038
V5T,56,3.2,7.6,41.8,25.4,56.4,36.8,20.4,15.2,49.262,-123.0923
V5V,28,3,9,27,28,82,76,3,11,49.248,-123.0913
V5W,30,6,11,40,20,40,30,0,0,49.2327,-123.0917
V5X,52,4.3,7.7,60,24,67.3,14.7,6.7,8.7,49.2156,-123.0979
V5Y,46.3,2.3,6.7,42,54,47.7,23,44,30,49.2492,-123.1104
V5Z,35,5.5,9,33.5,31,75,25,13.5,13,49.2475,-123.121
V6B,30,6,8.5,85.5,36.5,63,25,14,11,49.2788,-123.1139
V6E,23,5,3,92,7,26,65,15,0,49.2833,-123.1298
V6G,51.2,3.8,8.8,44.8,26.8,51,23,26,29.2,49.299,-123.1408
V6J,42,3,7,17,3,46.5,55.5,3.5,5,49.2603,-123.146
V6M,56,1,8,83.5,57,47.5,45,10,42,49.2344,-123.1451
V6N,38,1,9,72,45,75,55,46,48,49.2302,-123.189
V6P,53.7,4.7,8.3,46,39.3,35.7,34,25.7,9.7,49.2151,-123.1396
V6R,68,3,10,25,15,80,50,25,0,49.2666,-123.1976
V6S,23,1,9,18,32,56,48,48,33,49.2491,-123.2088
V6T,35,6,9,4,47,47,47,48,46,49.4635,-122.822
V6V,39.7,3,8.3,59.7,42.7,44.7,43.3,27.7,38.7,49.1853,-123.0386
V6X,46.2,3.8,9.6,54,40.6,35.8,40.6,16.2,16.8,49.1836,-123.1168
V6Y,56.3,2.7,8,27.7,33,42.3,34.7,32,3.7,49.17,-123.1368
V7A,45,3.8,7.5,21.2,33,54.5,29.8,12,29.5,49.1205,-123.1171
V7C,61.5,4.2,9.2,23.5,70.2,47,46.8,26.5,27,49.1626,-123.1721
V7E,34,4.5,9,9.5,32,49,42,16.5,39.5,49.1323,-123.1705
V7L,68,3,9,50,3,35,64,16,18,49.316,-123.0576
V7M,47.8,2,8.5,69.2,46.8,43.5,42.2,25,30.2,49.3222,-123.0834
V7N,80,7,8,60,50,50,20,20,20,49.35,-123.0679
V7P,63,3,9,78,13,95,71,33,7,49.322,-123.1149
V8L,76,5,10,50,52,52,74,27,47,48.6496,-123.4026
V8N,39,4,7.5,71,32,62.5,55,25,7.5,48.4765,-123.3145
V8R,77,3,11,70,19,66,19,1,1,48.4496,-123.3026
V8T,49,2,8.5,50,19,70.8,50.5,19.2,16.2,48.4392,-123.3566
V8V,49.3,2.7,8.7,50.9,23,57,35.6,24.7,18.7,48.4167,-123.365
V8W,57,5,7,67,4,82,86,4,6,48.4267,-123.3655
V8X,30,1,5,25,18,29,20,24,20,48.4777,-123.3658
V8Z,74.7,3.7,8.3,30.7,11.7,56.3,49,11.7,3.3,48.4993,-123.4003
V9A,71.5,3.5,8.5,42,51.5,37,15.5,33.5,0.5,48.4496,-123.4193
V9B,49,6,11,6,62,79,52,50,33,48.4793,-123.5271
V9G,36,2,6,0,7,0,2,0,9,48.9829,-123.8194
V9L,61,3,7,14,94,47,46,15,47,48.7829,-123.7027
V9M,24,6,5,80,37,100,52,15,7,49.6829,-124.9361
V9N,72,6,6,29,45,51,17,4,6,49.6585,-124.9835
V9R,46,1.5,7.5,62,27,38.5,46.5,49,31,49.1609,-123.9825
V9S,47,2,10,2,1,69,66,6,0,49.1886,-123.963
V9T,34,3,7,0,85,0,10,0,1,49.2146,-124.02
V9V,44,4,5,6,85,48,47,48,49,49.2391,-124.0227
V9W,47.5,2,7.5,25,63,51,68,25,24,50.0769,-125.5909
V9X,55,6,5,39,17,46,44,19,24,49.0419,-123.979
V9Y,58,2.3,7.7,35.3,59.3,26,36,5.7,6,49.2413,-124.8028
X0A,52,7,5,0,0,0,0,0,0,79.6218,-76.7765
X1A,49,6,9.5,91.5,1,54,0,0,0,62.456,-114.3525
Y1A,50.3,3.7,9,46.3,41.7,53,56.7,25,17,60.7161,-135.0537
